study,name,label,label_de,description,description_de,analysis_unit,conceptual_dataset,period
soep-is-preview,bip,Data from individual questionnaires 2020,,,,p,raw,2020
soep-core-preview,abroad,Data from questionnaire for individuals moved abroad,,,,p,tl-org/net,0
soep-core-preview,ah,Data from household questionnaire 1984,,,,h,raw-org/net,1984
soep-core-preview,ahbrutto,Gross household data 1984,,,,h,raw-org/gross,1984
soep-core-preview,ahgen,Generated Household Data 1984,,,,h,raw-gen,1984
soep-core-preview,akind,Data on children from household questionnaire 1984,,,,p,raw-org/net,1984
soep-core-preview,ap,Data from individual questionnaires 1984,,,,p,raw-org/net,1984
soep-core-preview,apausl,Migrant specific questions from individual questionnaire 1984,,,,p,raw-org/net,1984
soep-core-preview,apbrutto,Gross individual data 1984,,,,p,raw-org/gross,1984
soep-core-preview,apequiv,Cross-national equivalent file 1984,,,,p,raw-gen,1984
soep-core-preview,apgen,Generated individual data 1984,,,,p,raw-gen,1984
soep-core-preview,apkal,Individual calendar 1984,,,,p,raw-gen,1984
soep-core-preview,artkalen,Spell data from the activity calendar,,,,p,tl-spell,0
soep-core-preview,bah,Data from household questionnaires 2010,,,,h,raw-org/net,2010
soep-core-preview,bahbrutto,Gross household data 2010,,,,h,raw-org/gross,2010
soep-core-preview,bahgen,Generated Household Data 2010,,,,h,raw-gen,2010
soep-core-preview,bajugend,Data from youth questionnaire for 16-17-year-olds 2010,,,,p,raw-org/net,2010
soep-core-preview,bakind,Data on children from household questionnaire 2010,,,,p,raw-org/net,2010
soep-core-preview,bap,Data from individual questionnaires 2010,,,,p,raw-org/net,2010
soep-core-preview,bapbrutto,Gross individual data 2010,,,,p,raw-org/gross,2010
soep-core-preview,bapequiv,Cross-national equivalent file 2010,,,,p,raw-gen,2010
soep-core-preview,bapgen,Generated individual data 2010,,,,p,raw-gen,2010
soep-core-preview,bapkal,Individual calendar 2010,,,,p,raw-gen,2010
soep-core-preview,bapluecke,Data from individual catch-up questionnaire which refers to 2010,,,,p,raw-org/net,2011
soep-core-preview,bavp,Data from deceased individual questionnaire 2010,,,,p,raw-org/net,2010
soep-core-preview,bbh,Data from household questionnaires 2011,,,,h,raw-org/net,2011
soep-core-preview,bbhbrutto,Gross household data 2011,,,,h,raw-org/gross,2011
soep-core-preview,bbhgen,Generated Household Data 2011,,,,h,raw-gen,2011
soep-core-preview,bbjugend,Data from youth questionnaire for 16-17-year-olds 2011,,,,p,raw-org/net,2011
soep-core-preview,bbkind,Data on children from household questionnaire 2011,,,,p,raw-org/net,2011
soep-core-preview,bbp,Data from individual questionnaires 2011,,,,p,raw-org/net,2011
soep-core-preview,bbpbrutto,Gross individual data 2011,,,,p,raw-org/gross,2011
soep-core-preview,bbpequiv,Cross-national equivalent file 2011,,,,p,raw-gen,2011
soep-core-preview,bbpgen,Generated individual data 2011,,,,p,raw-gen,2011
soep-core-preview,bbpkal,Individual calendar 2011,,,,p,raw-gen,2011
soep-core-preview,bbpluecke,Data from individual catch-up questionnaire which refers to 2011,,,,p,raw-org/net,2012
soep-core-preview,bbvp,Data from deceased individual questionnaire 2011,,,,p,raw-org/net,2011
soep-core-preview,bch,Data from household questionnaires 2012,,,,h,raw-org/net,2012
soep-core-preview,bchbrutto,Gross household data 2012,,,,h,raw-org/gross,2012
soep-core-preview,bchgen,Generated Household Data 2012,,,,h,raw-gen,2012
soep-core-preview,bcjugend,Data from youth questionnaire for 16-17-year-olds 2012,,,,p,raw-org/net,2012
soep-core-preview,bckind,Data on children from household questionnaire 2012,,,,p,raw-org/net,2012
soep-core-preview,bcp,Data from individual questionnaires 2012,,,,p,raw-org/net,2012
soep-core-preview,bcpbrutto,Gross individual data 2012,,,,p,raw-org/gross,2012
soep-core-preview,bcpequiv,Cross-national equivalent file 2012,,,,p,raw-gen,2012
soep-core-preview,bcpgen,Generated individual data 2012,,,,p,raw-gen,2012
soep-core-preview,bcpkal,Individual calendar 2012,,,,p,raw-gen,2012
soep-core-preview,bcpluecke,Data from individual catch-up questionnaire which refers to 2012,,,,p,raw-org/net,2013
soep-core-preview,bcvp,Data from deceased individual questionnaire 2012,,,,p,raw-org/net,2012
soep-core-preview,bdh,Data from household questionnaires 2013,,,,h,raw-org/net,2013
soep-core-preview,bdhbrutto,Gross household data 2013,,,,h,raw-org/gross,2013
soep-core-preview,bdhgen,Generated Household Data 2013,,,,h,raw-gen,2013
soep-core-preview,bdjugend,Data from youth questionnaire for 16-17-year-olds 2013,,,,p,raw-org/net,2013
soep-core-preview,bdkind,Data on children from household questionnaire 2013,,,,p,raw-org/net,2013
soep-core-preview,bdp,Data from individual questionnaires 2013,,,,p,raw-org/net,2013
soep-core-preview,bdp_mig,IAB-SOEP Migration Sample: data from individual questionnaire 2013,,,,p,raw-org/net,2013
soep-core-preview,bdpbrutto,Gross individual data 2013,,,,p,raw-org/gross,2013
soep-core-preview,bdpequiv,Cross-national equivalent file 2013,,,,p,raw-gen,2013
soep-core-preview,bdpgen,Generated individual data 2013,,,,p,raw-gen,2013
soep-core-preview,bdpkal,Individual calendar 2013,,,,p,raw-gen,2013
soep-core-preview,bdpluecke,Data from individual catch-up questionnaire which refers to 2013,,,,p,raw-org/net,2014
soep-core-preview,bdvp,Data from deceased individual questionnaire 2013,,,,p,raw-org/net,2013
soep-core-preview,beh,Data from household questionnaires 2014,,,,h,raw-org/net,2014
soep-core-preview,behbrutto,Gross household data 2014,,,,h,raw-org/gross,2014
soep-core-preview,behgen,Generated Household Data 2014,,,,h,raw-gen,2014
soep-core-preview,bejugend,Data from youth questionnaire for 16-17-year-olds 2014,,,,p,raw-org/net,2014
soep-core-preview,bekind,Data on children from household questionnaire 2014,,,,p,raw-org/net,2014
soep-core-preview,bep,Data from individual questionnaires 2014,,,,p,raw-org/net,2014
soep-core-preview,bep_mig,IAB-SOEP Migration Sample: data from individual questionnaire 2014,,,,p,raw-org/net,2014
soep-core-preview,bepbrutto,Gross individual data 2014,,,,p,raw-org/gross,2014
soep-core-preview,bepequiv,Cross-national equivalent file 2014,,,,p,raw-gen,2014
soep-core-preview,bepgen,Generated individual data 2014,,,,p,raw-gen,2014
soep-core-preview,bepkal,Individual calendar 2014,,,,p,raw-gen,2014
soep-core-preview,bepluecke,Data from individual catch-up questionnaire which refers to 2014,,,,p,raw-org/net,2015
soep-core-preview,beschool,Data from pre-teen questionnaire for 11-12-year-olds 2014,,,,p,raw-org/net,2014
soep-core-preview,bevp,Data from deceased individual questionnaire 2014,,,,p,raw-org/net,2014
soep-core-preview,bfh,Data from household questionnaires 2015,,,,h,raw-org/net,2015
soep-core-preview,bfhbrutto,Gross household data 2015,,,,h,raw-org/gross,2015
soep-core-preview,bfhgen,Generated Household Data 2015,,,,h,raw-gen,2015
soep-core-preview,bfjugend,Data from youth questionnaire for 16-17-year-olds 2015,,The questionnaire with refernece to variable names is available as [pdf](http://panel.gsoep.de/soep-docs/surveypapers/diw_ssp0422.pdf),,p,raw-org/net,2015
soep-core-preview,bfkind,Data on children from household questionnaire 2015,,,,p,raw-org/net,2015
soep-core-preview,bfp,Data from individual questionnaires 2015,,,,p,raw-org/net,2015
soep-core-preview,bfp_mig,IAB-SOEP Migration Sample: data from individual questionnaire 2015,,,,p,raw-org/net,2015
soep-core-preview,bfpbrutto,Gross individual data 2015,,,,p,raw-org/gross,2015
soep-core-preview,bfpequiv,Cross-national equivalent file 2015,,,,p,raw-gen,2015
soep-core-preview,bfpgen,Generated individual data 2015,,,,p,raw-gen,2015
soep-core-preview,bfpkal,Individual calendar 2015,,,,p,raw-gen,2015
soep-core-preview,bfpluecke,Data from individual catch-up questionnaire which refers to 2015,,,,p,raw-org/net,2016
soep-core-preview,bfschool,Data from pre-teen questionnaire for 11-12-year-olds 2015,,,,p,raw-org/net,2015
soep-core-preview,bfvp,Data from deceased individual questionnaire 2015,,,,p,raw-org/net,2015
soep-core-preview,bgh,Data from household questionnaires 2016,,,,h,raw-org/net,2016
soep-core-preview,bgh_refugees,Refugee sample:data from household questionnaire 2016,,,,p,raw-org/net,2016
soep-core-preview,bghbrutto,Gross household data 2016,,,,h,raw-org/gross,2016
soep-core-preview,bghgen,Generated Household Data 2016,,,,h,raw-gen,2016
soep-core-preview,bgjugend,Data from youth questionnaire for 16-17-year-olds 2016,,,,p,raw-org/net,2016
soep-core-preview,bgkind,Data on children from household questionnaire 2016,,,,p,raw-org/net,2016
soep-core-preview,bgp,Data from individual questionnaires 2016,,,,p,raw-org/net,2016
soep-core-preview,bgp_mig,IAB-SOEP Migration Sample: data from individual questionnaire 2016,,,,p,raw-org/net,2016
soep-core-preview,bgp_refugees,Refugee sample:data from individual/biographical questionnaire 2016,,,,p,raw-org/net,2016
soep-core-preview,bgpbrutto,Gross individual data 2016,,,,p,raw-org/gross,2016
soep-core-preview,bgpequiv,Cross-national equivalent file 2016,,,,p,raw-gen,2016
soep-core-preview,bgpgen,Generated individual data 2016,,,,p,raw-gen,2016
soep-core-preview,bgpkal,Individual calendar 2016,,,,p,raw-gen,2016
soep-core-preview,bgpluecke,Data from individual catch-up questionnaire which refers to 2016,,,,p,raw-org/net,2017
soep-core-preview,bgschool,Data from pre-teen questionnaire for 11-12-year-olds 2016,,,,p,raw-org/net,2016
soep-core-preview,bgschool2,Data from early youth questionnaire for 13-14-year-olds 2016,,,,p,raw-org/net,2016
soep-core-preview,bgvp,Data from deceased individual questionnaire 2016,,,,p,raw-org/net,2016
soep-core-preview,bh,Data from household questionnaires 1985,,,,h,raw-org/net,1985
soep-core-preview,bhbrutto,Gross household data 1985,,,,h,raw-org/gross,1985
soep-core-preview,bhgen,Generated Household Data 1985,,,,h,raw-gen,1985
soep-core-preview,bhh,Data from household questionnaires 2017,,,,h,raw-org/net,2017
soep-core-preview,bhhbrutto,Gross household data 2017,,,,h,raw-org/gross,2017
soep-core-preview,bhhgen,Generated Household Data 2017,,,,h,raw-gen,2017
soep-core-preview,bhjugend,Data from youth questionnaire for 16-17-year-olds 2017,,,,p,raw-org/net,2017
soep-core-preview,bhkind,Data on children from household questionnaire 2017,,,,p,raw-org/net,2017
soep-core-preview,bhp,Data from individual questionnaires 2017,,,,p,raw-org/net,2017
soep-core-preview,bhpbrutto,Gross individual data 2017,,,,p,raw-org/gross,2017
soep-core-preview,bhpequiv,Cross-national equivalent file 2017,,,,p,raw-gen,2017
soep-core-preview,bhpgen,Generated individual data 2017,,,,p,raw-gen,2017
soep-core-preview,bhpkal,Individual calendar 2017,,,,p,raw-gen,2017
soep-core-preview,bhpluecke,Data from individual catch-up questionnaire which refers to 2017,,,,p,raw-org/net,2018
soep-core-preview,bhschool,Data from pre-teen questionnaire for 11-12-year-olds 2017,,,,p,raw-org/net,2017
soep-core-preview,bhschool2,Data from early youth questionnaire for 13-14-year-olds 2017,,,,p,raw-org/net,2017
soep-core-preview,bhvp,Data from deceased individual questionnaire 2017,,,,p,raw-org/net,2017
soep-core-preview,bih,Data from household questionnaires 2018,,,,h,raw-org/net,2018
soep-core-preview,bihbrutto,Gross household data 2018,,,,h,raw-org/gross,2018
soep-core-preview,bihgen,Generated Household Data 2018,,,,h,raw-gen,2018
soep-core-preview,bijugend,Data from youth questionnaire for 16-17-year-olds 2018,,,,p,raw-org/net,2018
soep-core-preview,bikind,Data on children from household questionnaire 2018,,,,p,raw-org/net,2018
soep-core-preview,bioage17,Generated biographical information,,,,p,tl-gen,0
soep-core-preview,bioagel,Generated biographical information,,,,p,tl-gen,0
soep-core-preview,biobirth,Generated biographical information,,,,p,tl-gen,0
soep-core-preview,biocouplm,Generated biographical information,,,,p,tl-spell,0
soep-core-preview,biocouply,Generated biographical information,,,,p,tl-spell,0
soep-core-preview,bioedu,Generated biographical information,,,,p,tl-gen,0
soep-core-preview,bioimmig,Generated biographical information,,,,p,tl-gen,0
soep-core-preview,biojob,Generated biographical information,,,,p,tl-gen,0
soep-core-preview,biol,Data from biography questionnaire (long),,Contains cumulated individual-level data from the biographical questionnaire. It is keyed on PID (Person ID) and SYEAR (Survey Year),,p,tl-org/net,0
soep-core-preview,biomarsm,Generated biographical information,,,,p,tl-spell,0
soep-core-preview,biomarsy,Generated biographical information,,,,p,tl-spell,0
soep-core-preview,bioparen,Generated biographical information,,,,p,tl-gen,0
soep-core-preview,biopupil,Generated biographical information,,,,p,tl-gen/bio,0
soep-core-preview,bioresid,Generated biographical information,,,,p,tl-gen,0
soep-core-preview,biosib,Generated biographical information,,,,p,tl-gen,0
soep-core-preview,biosoc,Generated biographical information,,,,p,tl-gen,0
soep-core-preview,biotwin,Generated biographical information,,,,p,tl-gen,0
soep-core-preview,bip,Data from individual questionnaires 2018,,,,p,raw-org/net,2018
soep-core-preview,bipbrutto,Gross individual data 2018,,,,p,raw-org/gross,2018
soep-core-preview,bipequiv,Cross-national equivalent file 2018,,,,p,raw-gen,2018
soep-core-preview,bipgen,Generated individual data 2018,,,,p,raw-gen,2018
soep-core-preview,bipkal,Individual calendar 2018,,,,p,raw-gen,2018
soep-core-preview,bipluecke,Data from individual catch-up questionnaire which refers to 2018,,,,p,raw-org/net,2019
soep-core-preview,bischool,Data from pre-teen questionnaire for 11-12-year-olds 2018,,,,p,raw-org/net,2018
soep-core-preview,bischool2,Data from early youth questionnaire for 13-14-year-olds 2018,,,,p,raw-org/net,2018
soep-core-preview,bivp,Data from deceased individual questionnaire 2018,,,,p,raw-org/net,2018
soep-core-preview,bjh,Data from household questionnaires 2019,,,,h,raw-org/net,2019
soep-core-preview,bjhbrutto,Gross household data 2019,,,,h,raw-org/gross,2019
soep-core-preview,bjhgen,Generated Household Data 2019,,,,h,raw-gen,2019
soep-core-preview,bjjugend,Data from youth questionnaire for 16-17-year-olds 2019,,,,p,raw-org/net,2019
soep-core-preview,bjkind,Data on children from household questionnaire 2019,,,,p,raw-org/net,2019
soep-core-preview,bjp,Data from individual questionnaires 2019,,,,p,raw-org/net,2019
soep-core-preview,bjpbrutto,Gross individual data 2019,,,,p,raw-org/gross,2019
soep-core-preview,bjpgen,Generated individual data 2019,,,,p,raw-gen,2019
soep-core-preview,bjpkal,Individual calendar 2019,,,,p,raw-gen,2019
soep-core-preview,bjschool,Data from pre-teen questionnaire for 11-12-year-olds 2019,,,,p,raw-org/net,2019
soep-core-preview,bjschool2,Data from early youth questionnaire for 13-14-year-olds 2019,,,,p,raw-org/net,2019
soep-core-preview,bjvp,Data from deceased individual questionnaire 2019,,,,p,raw-org/net,2019
soep-core-preview,bkind,Data on children from household questionnaire 1985,,,,p,raw-org/net,1985
soep-core-preview,bp,Data from individual questionnaires 1985,,,,p,raw-org/net,1985
soep-core-preview,bpausl,Migrant specific questions from individual questionnaire 1985,,,,p,raw-org/net,1985
soep-core-preview,bpbrutto,Gross individual data 1985,,,,p,raw-org/gross,1985
soep-core-preview,bpequiv,Cross-national equivalent file 1985,,,,p,raw-gen,1985
soep-core-preview,bpgen,Generated individual data 1985,,,,p,raw-gen,1985
soep-core-preview,bpkal,Individual calendar 1985,,,,p,raw-gen,1985
soep-core-preview,bpluecke,Data from individual catch-up questionnaire which refers to 1985,,,,p,raw-org/net,1986
soep-core-preview,camces,"Highest Educational Qualification, Migrants Sample M1 and M2",,Computer-Assisted Measurement and Coding of Educational Qualifications in Surveys,,p,tl-gen,0
soep-core-preview,ch,Data from household questionnaires 1986,,,,h,raw-org/net,1986
soep-core-preview,chbrutto,Gross household data 1986,,,,h,raw-org/gross,1986
soep-core-preview,chgen,Generated Household Data 1986,,,,h,raw-gen,1986
soep-core-preview,cirdef,Random groups,,,,h,raw-survey,0
soep-core-preview,ckind,Data on children from household questionnaire 1986,,,,p,raw-org/net,1986
soep-core-preview,cog_refu,Data on cognitive tests (Refugees),,,,p,tl-gen,0
soep-core-preview,cogdj,Data on cognitive tests (Youth),,,,p,tl-gen,0
soep-core-preview,cognit,Data on cognitive potential,,,,p,tl-gen,0
soep-core-preview,cp,Data from individual questionnaires 1986,,,,p,raw-org/net,1986
soep-core-preview,cpausl,Migrant specific questions from individual questionnaire 1986,,,,p,raw-org/net,1986
soep-core-preview,cpbrutto,Gross individual data 1986,,,,p,raw-org/gross,1986
soep-core-preview,cpequiv,Cross-national equivalent file 1986,,,,p,raw-gen,1986
soep-core-preview,cpgen,Generated individual data 1986,,,,p,raw-gen,1986
soep-core-preview,cpkal,Individual calendar 1986,,,,p,raw-gen,1986
soep-core-preview,cpluecke,Data from individual catch-up questionnaire which refers to 1986,,,,p,raw-org/net,1987
soep-core-preview,D-File,,,,,,eu-silc-clone,0
soep-core-preview,ddr18,,,,,p,raw-org/net,2018
soep-core-preview,design,Survey design,,,,h,tl-survey,0
soep-core-preview,dh,Data from household questionnaires 1987,,,,h,raw-org/net,1987
soep-core-preview,dhbrutto,Gross household data 1987,,,,h,raw-org/gross,1987
soep-core-preview,dhgen,Generated Household Data 1987,,,,h,raw-gen,1987
soep-core-preview,dkind,Data on children from household questionnaire 1987,,,,p,raw-org/net,1987
soep-core-preview,dp,Data from individual questionnaires 1987,,,,p,raw-org/net,1987
soep-core-preview,dpausl,Migrant specific questions from individual questionnaire 1987,,,,p,raw-org/net,1987
soep-core-preview,dpbrutto,Gross individual data 1987,,,,p,raw-org/gross,1987
soep-core-preview,dpequiv,Cross-national equivalent file 1987,,,,p,raw-gen,1987
soep-core-preview,dpgen,Generated individual data 1987,,,,p,raw-gen,1987
soep-core-preview,dpkal,Individual calendar 1987,,,,p,raw-gen,1987
soep-core-preview,dpluecke,Data from individual catch-up questionnaire which refers to 1987,,,,p,raw-org/net,1988
soep-core-preview,eh,Data from household questionnaires 1988,,,,h,raw-org/net,1988
soep-core-preview,ehbrutto,Gross household data 1988,,,,h,raw-org/gross,1988
soep-core-preview,ehgen,Generated Household Data 1988,,,,h,raw-gen,1988
soep-core-preview,einkalen,[deprecated] Spell data on income,,,,p,raw-spell,0
soep-core-preview,ekind,Data on children from household questionnaire 1988,,,,p,raw-org/net,1988
soep-core-preview,ep,Data from individual questionnaires 1988,,,,p,raw-org/net,1988
soep-core-preview,epausl,Migrant specific questions from individual questionnaire 1988,,,,p,raw-org/net,1988
soep-core-preview,epbrutto,Gross individual data 1988,,,,p,raw-org/gross,1988
soep-core-preview,epequiv,Cross-national equivalent file 1988,,,,p,raw-gen,1988
soep-core-preview,epgen,Generated individual data 1988,,,,p,raw-gen,1988
soep-core-preview,epkal,Individual calendar 1988,,,,p,raw-gen,1988
soep-core-preview,epluecke,Data from individual catch-up questionnaire which refers to 1988,,,,p,raw-org/net,1989
soep-core-preview,ev,First wealth module,,,,p,raw-org/net,1988
soep-core-preview,exit,Cumulative drop-outs,,,,p,raw-survey,0
soep-core-preview,fh,Data from household questionnaires 1989,,,,h,raw-org/net,1989
soep-core-preview,fhbrutto,Gross household data 1989,,,,h,raw-org/gross,1989
soep-core-preview,fhgen,Generated Household Data 1989,,,,h,raw-gen,1989
soep-core-preview,fkind,Data on children from household questionnaire 1989,,,,p,raw-org/net,1989
soep-core-preview,fp,Data from individual questionnaires 1989,,,,p,raw-org/net,1989
soep-core-preview,fpausl,Migrant specific questions from individual questionnaire 1989,,,,p,raw-org/net,1989
soep-core-preview,fpbrutto,Gross individual data 1989,,,,p,raw-org/gross,1989
soep-core-preview,fpequiv,Cross-national equivalent file 1989,,,,p,raw-gen,1989
soep-core-preview,fpgen,Generated individual data 1989,,,,p,raw-gen,1989
soep-core-preview,fpkal,Individual calendar 1989,,,,p,raw-gen,1989
soep-core-preview,fpluecke,Data from individual catch-up questionnaire which refers to 1989,,,,p,raw-org/net,1990
soep-core-preview,ggkbou,,,,,,raw-gen,0
soep-core-preview,gh,Data from household questionnaires 1990,,,,h,raw-org/net,1990
soep-core-preview,ghbrutto,Gross household data 1990,,,,h,raw-org/gross,1990
soep-core-preview,ghgen,Generated Household Data 1990,,,,h,raw-gen,1990
soep-core-preview,ghost,Data from east specific questions in household questionnaire 1990,,,,h,raw-org/net,1990
soep-core-preview,gkind,Data on children from household questionnaire 1990,,,,p,raw-org/net,1990
soep-core-preview,gp,Data from individual questionnaires 1990,,,,p,raw-org/net,1990
soep-core-preview,gpausl,Migrant specific questions from individual questionnaire 1990,,,,p,raw-org/net,1990
soep-core-preview,gpbrutto,Gross individual data 1990,,,,p,raw-org/gross,1990
soep-core-preview,gpequiv,Cross-national equivalent file 1990,,,,p,raw-gen,1990
soep-core-preview,gpgen,Generated individual data 1990,,,,p,raw-gen,1990
soep-core-preview,gpkal,Individual calendar 1990,,,,p,raw-gen,1990
soep-core-preview,gpkalost,Individual Calendar (East Germany) 1990,,,,p,raw-gen,1990
soep-core-preview,gpluecke,Data from individual catch-up questionnaire which refers to 1990,,,,p,raw-org/net,1991
soep-core-preview,gpost,Data from east specific questions in indivial questionnaire 1990,,,,p,raw-org/net,1990
soep-core-preview,gripstr,Measured grip strength (left and right hand),,,,p,tl-gen,0
soep-core-preview,H-File,,,,,,eu-silc-clone,0
soep-core-preview,hbrutt,"Original gross population of a sample (first wave, long)",,,,h,tl-org/gross,0
soep-core-preview,hbrutt00,"Original gross population of a sample (first wave, 2000)",,,,h,raw-org/gross,2000
soep-core-preview,hbrutt02,"Original gross population of a sample (first wave, 2002)",,,,h,raw-org/gross,2002
soep-core-preview,hbrutt06,"Original gross population of a sample (first wave, 2006)",,,,h,raw-org/gross,2006
soep-core-preview,hbrutt09,"Original gross population of a sample (first wave, 2009)",,,,h,raw-org/gross,2009
soep-core-preview,hbrutt10,"Original gross population of a sample (first wave, 2010)",,,,h,raw-org/gross,2010
soep-core-preview,hbrutt11,"Original gross population of a sample (first wave, 2011)",,,,h,raw-org/gross,2011
soep-core-preview,hbrutt12,"Original gross population of a sample (first wave, 2012)",,,,h,raw-org/gross,2012
soep-core-preview,hbrutt13,"Original gross population of a sample (first wave, 2013)",,,,h,raw-org/gross,2013
soep-core-preview,hbrutt15,"Original gross population of a sample (first wave, 2015)",,,,h,raw-org/gross,2015
soep-core-preview,hbrutt16,"Original gross population of a sample (first wave, 2016)",,,,h,raw-org/gross,2016
soep-core-preview,hbrutt17,"Original gross population of a sample (first wave, 2017)",,,,h,raw-org/gross,2017
soep-core-preview,hbrutt18,"Original gross population of a sample (first wave, 2018)",,,,,raw-org/gross,2018
soep-core-preview,hbrutt19,"Original gross population of a sample (first wave, 2019)",,,,,raw-org/gross,2019
soep-core-preview,hbrutt84,"Original gross population of a sample (first wave, 1984)",,,,h,raw-org/gross,1984
soep-core-preview,hbrutt98,"Original gross population of a sample (first wave, 1998)",,,,h,raw-org/gross,1998
soep-core-preview,hbrutto,Gross Household Data,,Household level data of gross sample. It is keyed on HID (Household ID) and SYEAR (Survey Year). It contains mostly information from the field process.,,h,tl-org/gross,0
soep-core-preview,hconsum,HH consume module,,,,h,tl-gen,0
soep-core-preview,health,Data on health indicators,,,,p,tl-gen,0
soep-core-preview,hgen,Generated Household Data,,Contains household-level generated data to ensure complete and consitent information over time. It is keyed on HID (Household ID) and SYEAR (Survey Year).,,h,tl-gen,0
soep-core-preview,hh,Data from household questionnaires 1991,,,,h,raw-org/net,1991
soep-core-preview,hhbrutto,Gross household data 1991,,,,h,raw-org/gross,1991
soep-core-preview,hhgen,Generated Household Data 1991,,,,h,raw-gen,1991
soep-core-preview,hhrf,Weighting and staying probabilities,,,,h,raw-survey,0
soep-core-preview,hkind,Data on children from household questionnaire 1991,,,,p,raw-org/net,1991
soep-core-preview,hl,Original Household Data,,Contains household-level data from the annual household questionnaire. It is keyed on HID (Household ID) and SYEAR (Survey Year),,h,tl-org/net,0
soep-core-preview,hp,Data from individual questionnaires 1991,,,,p,raw-org/net,1991
soep-core-preview,hpath,Household Tracking File,,"Multi-wave core information and response status of each household for each year, see also HPFADL",,h,tl-track,0
soep-core-preview,hpathl,Household Tracking File,,"Household core information and response status of each household for each year in long format. It contains one record for each household and year a houshold has been in contact with the SOEP. It is keyed on HID, the wave specific Household ID, and SYEAR, the survey year identifier. It contains the sample membership, the response status for each year, as well as the household weights, see http://www.diw.de/documents/dokumentenarchiv/17/diw_01.c.432034.de/diw_ssp0152_hpfad.pdf.",,h,tl-track,0
soep-core-preview,hpausl,Migrant specific questions from individual questionnaire 1991,,,,p,raw-org/net,1991
soep-core-preview,hpbrutto,Gross individual data 1991,,,,p,raw-org/gross,1991
soep-core-preview,hpequiv,Cross-national equivalent file 1991,,,,p,raw-gen,1991
soep-core-preview,hpfad,Household Tracking File,,,,h,raw-track,0
soep-core-preview,hpgen,Generated individual data 1991,,,,p,raw-gen,1991
soep-core-preview,hpkal,Individual calendar 1991,,,,p,raw-gen,1991
soep-core-preview,hpkalost,Individual Calendar (East Germany) 1991,,,,p,raw-gen,1991
soep-core-preview,hpluecke,Data from individual catch-up questionnaire which refers to 1991,,,,p,raw-org/net,1992
soep-core-preview,hpost,Data from east specific questions in indivial questionnaire 1991,,,,p,raw-org/net,1991
soep-core-preview,hwealth,Wealth module,,,,h,tl-gen,0
soep-core-preview,ih,Data from household questionnaires 1992,,,,h,raw-org/net,1992
soep-core-preview,ihbrutto,Gross household data 1992,,,,h,raw-org/gross,1992
soep-core-preview,ihgen,Generated Household Data 1992,,,,h,raw-gen,1992
soep-core-preview,ikind,Data on children from household questionnaire 1992,,,,p,raw-org/net,1992
soep-core-preview,interviewer,Data about the SOEP Interviewer,,,,p,tl-gen,0
soep-core-preview,ip,Data from individual questionnaires 1992,,,,p,raw-org/net,1992
soep-core-preview,ipausl,Migrant specific questions from individual questionnaire 1992,,,,p,raw-org/net,1992
soep-core-preview,ipbrutto,Gross individual data 1992,,,,p,raw-org/gross,1992
soep-core-preview,ipequiv,Cross-national equivalent file 1992,,,,p,raw-gen,1992
soep-core-preview,ipgen,Generated individual data 1992,,,,p,raw-gen,1992
soep-core-preview,ipkal,Individual calendar 1992,,,,p,raw-gen,1992
soep-core-preview,ipluecke,Data from individual catch-up questionnaire which refers to 1992,,,,p,raw-org/net,1993
soep-core-preview,jh,Data from household questionnaires 1993,,,,h,raw-org/net,1993
soep-core-preview,jhbrutto,Gross household data 1993,,,,h,raw-org/gross,1993
soep-core-preview,jhgen,Generated Household Data 1993,,,,h,raw-gen,1993
soep-core-preview,jkind,Data on children from household questionnaire 1993,,,,p,raw-org/net,1993
soep-core-preview,jp,Data from individual questionnaires 1993,,,,p,raw-org/net,1993
soep-core-preview,jpausl,Migrant specific questions from individual questionnaire 1993,,,,p,raw-org/net,1993
soep-core-preview,jpbrutto,Gross individual data 1993,,,,p,raw-org/gross,1993
soep-core-preview,jpequiv,Cross-national equivalent file 1993,,,,p,raw-gen,1993
soep-core-preview,jpgen,Generated individual data 1993,,,,p,raw-gen,1993
soep-core-preview,jpkal,Individual calendar 1993,,,,p,raw-gen,1993
soep-core-preview,jpluecke,Data from individual catch-up questionnaire which refers to 1993,,,,p,raw-org/net,1994
soep-core-preview,jugendl,Youth questionnaire,,,,p,tl-org/net,0
soep-core-preview,kh,Data from household questionnaires 1994,,,,h,raw-org/net,1994
soep-core-preview,khbrutto,Gross household data 1994,,,,h,raw-org/gross,1994
soep-core-preview,khgen,Generated Household Data 1994,,,,h,raw-gen,1994
soep-core-preview,kidlong,Data on children,,,,p,tl-org/net,0
soep-core-preview,kkind,Data on children from household questionnaire 1994,,,,p,raw-org/net,1994
soep-core-preview,kp,Data from individual questionnaires 1994,,,,p,raw-org/net,1994
soep-core-preview,kpausl,Migrant specific questions from individual questionnaire 1994,,,,p,raw-org/net,1994
soep-core-preview,kpbrutto,Gross individual data 1994,,,,p,raw-org/gross,1994
soep-core-preview,kpequiv,Cross-national equivalent file 1994,,,,p,raw-gen,1994
soep-core-preview,kpgen,Generated individual data 1994,,,,p,raw-gen,1994
soep-core-preview,kpkal,Individual calendar 1994,,,,p,raw-gen,1994
soep-core-preview,kpluecke,Data from individual catch-up questionnaire which refers to 1994,,,,p,raw-org/net,1995
soep-core-preview,lh,Data from household questionnaires 1995,,,,h,raw-org/net,1995
soep-core-preview,lhbrutto,Gross household data 1995,,,,h,raw-org/gross,1995
soep-core-preview,lhgen,Generated Household Data 1995,,,,h,raw-gen,1995
soep-core-preview,lifespell,Spell Information on the Pre- and Post-Survey History of SOEP-Respondents,,,,p,tl-spell,0
soep-core-preview,lkind,Data on children from household questionnaire 1995,,,,p,raw-org/net,1995
soep-core-preview,lp,Data from individual questionnaires 1995,,,,p,raw-org/net,1995
soep-core-preview,lpausl,Migrant specific questions from individual questionnaire 1995,,,,p,raw-org/net,1995
soep-core-preview,lpbrutto,Gross individual data 1995,,,,p,raw-org/gross,1995
soep-core-preview,lpequiv,Cross-national equivalent file 1995,,,,p,raw-gen,1995
soep-core-preview,lpgen,Generated individual data 1995,,,,p,raw-gen,1995
soep-core-preview,lpkal,Individual calendar 1995,,,,p,raw-gen,1995
soep-core-preview,lpluecke,Data from individual catch-up questionnaire which refers to 1995,,,,p,raw-org/net,1996
soep-core-preview,mh,Data from household questionnaires 1996,,,,h,raw-org/net,1996
soep-core-preview,mhbrutto,Gross household data 1996,,,,h,raw-org/gross,1996
soep-core-preview,mhgen,Generated Household Data 1996,,,,h,raw-gen,1996
soep-core-preview,migspell,Migration history,,"MIGSPELL is a dataset in spell-format in which only the population surveyed in the new IAB-SOEP migration sample (Sample M) is included. With the new IAB-SOEP Migration sample, migration history data was collected for the first time. This was done by means of a loop structure in the questionnaire. Two different loops were included: the one aimed at persons born abroad (i.e. migrants) and the one aimed at persons born in Germany. The dataset MIGSPELL was created in order to facilitate the use of this complex part of the questionnaire describing the migration biography of respondents. [A detailed documentation is included in the documentation about biography data in the SOEP.](http://panel.gsoep.de/soep-docs/surveypapers/diw_ssp0266.pdf#page=36)",,p,tl-spell,0
soep-core-preview,mihinc,Multiple imputed data on monthly household income,,,,h,tl-gen,0
soep-core-preview,mkind,Data on children from household questionnaire 1996,,,,p,raw-org/net,1996
soep-core-preview,mp,Data from individual questionnaires 1996,,,,p,raw-org/net,1996
soep-core-preview,mpbrutto,Gross individual data 1996,,,,p,raw-org/gross,1996
soep-core-preview,mpequiv,Cross-national equivalent file 1996,,,,p,raw-gen,1996
soep-core-preview,mpgen,Generated individual data 1996,,,,p,raw-gen,1996
soep-core-preview,mpkal,Individual calendar 1996,,,,p,raw-gen,1996
soep-core-preview,mpluecke,Data from individual catch-up questionnaire which refers to 1996,,,,p,raw-org/net,1997
soep-core-preview,nh,Data from household questionnaires 1997,,,,h,raw-org/net,1997
soep-core-preview,nhbrutto,Gross household data 1997,,,,h,raw-org/gross,1997
soep-core-preview,nhgen,Generated Household Data 1997,,,,h,raw-gen,1997
soep-core-preview,nkind,Data on children from household questionnaire 1997,,,,p,raw-org/net,1997
soep-core-preview,np,Data from individual questionnaires 1997,,,,p,raw-org/net,1997
soep-core-preview,npbrutto,Gross individual data 1997,,,,p,raw-org/gross,1997
soep-core-preview,npequiv,Cross-national equivalent file 1997,,,,p,raw-gen,1997
soep-core-preview,npgen,Generated individual data 1997,,,,p,raw-gen,1997
soep-core-preview,npkal,Individual calendar 1997,,,,p,raw-gen,1997
soep-core-preview,npluecke,Data from individual catch-up questionnaire which refers to 1997,,,,p,raw-org/net,1998
soep-core-preview,oh,Data from household questionnaires 1998,,,,h,raw-org/net,1998
soep-core-preview,ohbrutto,Gross household data 1998,,,,h,raw-org/gross,1998
soep-core-preview,ohgen,Generated Household Data 1998,,,,h,raw-gen,1998
soep-core-preview,okind,Data on children from household questionnaire 1998,,,,p,raw-org/net,1998
soep-core-preview,op,Data from individual questionnaires 1998,,,,p,raw-org/net,1998
soep-core-preview,opbrutto,Gross individual data 1998,,,,p,raw-org/gross,1998
soep-core-preview,opequiv,Cross-national equivalent file 1998,,,,p,raw-gen,1998
soep-core-preview,opgen,Generated individual data 1998,,,,p,raw-gen,1998
soep-core-preview,opkal,Individual calendar 1998,,,,p,raw-gen,1998
soep-core-preview,opluecke,Data from individual catch-up questionnaire which refers to 1998,,,,p,raw-org/net,1999
soep-core-preview,P-File,,,,,,eu-silc-clone,0
soep-core-preview,pbiospe,Generated biographical information,,,,p,tl-spell,0
soep-core-preview,pbr_exit,Cumulated Exit,,"Cumulated register of persons with final exit, mostly due to death or moving abroad.",,p,tl-track,0
soep-core-preview,pbr_hhch,PBR_HHCH,,,,p,tl-survey,0
soep-core-preview,pbrutto,Gross Individual Data,,Individual level data of gross sample. It is keyed on PID (Person ID) and SYEAR (Survey Year). It contains mostly information from the field process.,,p,tl-org/gross,0
soep-core-preview,pequiv,Cross-national equivalent file (long),,"Contains individual-level and household-level data to ensure a harmonized cross-country comparison. It is keyed on PID (Person ID) and SYEAR (Survey Year), see http://www.diw.de/documents/dokumentenarchiv/17/diw_01.c.432052.de/diw_ssp0143_pequiv.pdf.",,p,tl-gen,0
soep-core-preview,pflege,Persons needing care within the household,,,,p,tl-gen,0
soep-core-preview,pgen,Generated Individual Data,,Contains individual-level generated data to ensure complete and consitent information over time. It is keyed on PID (Person ID) and SYEAR (Survey Year).,,p,tl-gen,0
soep-core-preview,ph,Data from household questionnaires 1999,,,,h,raw-org/net,1999
soep-core-preview,phbrutto,Gross household data 1999,,,,h,raw-org/gross,1999
soep-core-preview,phgen,Generated Household Data 1999,,,,h,raw-gen,1999
soep-core-preview,phrf,Weighting and staying probabilities,,,,p,raw-survey,0
soep-core-preview,pkal,Individual calendar (long),,Contains individual-level generated data by transforming the calendar information of the individual questionnaire from condensed string format to explicit variables for each month. It is keyed on PID (Person ID) and SYEAR (Survey Year).,,p,tl-gen,0
soep-core-preview,pkind,Data on children from household questionnaire 1999,,,,p,raw-org/net,1999
soep-core-preview,pl,Data from individual questionnaire (long),,Contains individual-level data for respondents by answering the annual individual questionnaire. It is keyed on PID (Person ID) and SYEAR (Survey Year),,p,tl-org/net,0
soep-core-preview,plueckel,Catch-up questionnaire,,,,p,tl-org/net,0
soep-core-preview,pp,Data from individual questionnaire 1999,,,,p,raw-org/net,1999
soep-core-preview,ppath,Individual Tracking File,,"Multi-wave core information and respondent status for each year, see also PPFADL",,p,tl-track,0
soep-core-preview,ppathl,Individual Tracking File,,"Person core information and respondent status for each year in long format. It contains one record for each individual and year a person has been a member of a respondent household. It is keyed on PID, the Cross-Wave Person Identifier, and SYEAR, the survey year identifier. It contains the Household ID, and never changing individual characteristics, individual weights, as well as the response status, for that individual at each wave, see http://www.diw.de/documents/dokumentenarchiv/17/diw_01.c.432038.de/diw_ssp0150_ppfad.pdf.",,p,tl-track,0
soep-core-preview,ppbrutto,Gross individual data 1999,,,,p,raw-org/gross,1999
soep-core-preview,ppequiv,Cross-national equivalent file 1999,,,,p,raw-gen,1999
soep-core-preview,ppfad,Individual Tracking File,,,,p,raw-track,0
soep-core-preview,ppgen,Generated individual data 1999,,,,p,raw-gen,1999
soep-core-preview,ppkal,Individual calendar 1999,,,,p,raw-gen,1999
soep-core-preview,ppluecke,Data from individual catch-up questionnaire which refers to 1999,,,,p,raw-org/net,2000
soep-core-preview,pwealth,Wealth module,,,,p,tl-gen,0
soep-core-preview,qh,Data from household questionnaires 2000,,,,h,raw-org/net,2000
soep-core-preview,qhbrutto,Gross household data 2000,,,,h,raw-org/gross,2000
soep-core-preview,qhgen,Generated Household Data 2000,,,,h,raw-gen,2000
soep-core-preview,qjugend,Data from youth questionnaire for 16-17-year-olds 2000,,,,p,raw-org/net,2000
soep-core-preview,qkind,Data on children from household questionnaire 2000,,,,p,raw-org/net,2000
soep-core-preview,qp,Data from individual questionnaires 2000,,,,p,raw-org/net,2000
soep-core-preview,qpbrutto,Gross individual data 2000,,,,p,raw-org/gross,2000
soep-core-preview,qpequiv,Cross-national equivalent file 2000,,,,p,raw-gen,2000
soep-core-preview,qpgen,Generated individual data 2000,,,,p,raw-gen,2000
soep-core-preview,qpkal,Individual calendar 2000,,,,p,raw-gen,2000
soep-core-preview,qpluecke,Data from individual catch-up questionnaire which refers to 2000,,,,p,raw-org/net,2001
soep-core-preview,R-File,,,,,,eu-silc-clone,0
soep-core-preview,refugspell,Migration history,,"REFUGSPELL is a dataset in spell-format in which only the population surveyed in the new IAB-BAMF-SOEP refugee sample (Sample M3/M4) is included, similar to MIGSPELL. The migration history was collected by means of a loop structure in the questionnaire. The dataset REFUGSPELL was created in order to facilitate the use of this complex part of the questionnaire describing the migration biography of respondents. [A detailed documentation is included in the documentation about biography data in the SOEP.](http://www.diw.de/de/diw_02.c.238110.de/generierte_variablen.html)",,p,tl-spell,0
soep-core-preview,rh,Data from household questionnaires 2001,,,,h,raw-org/net,2001
soep-core-preview,rhbrutto,Gross household data 2001,,,,h,raw-org/gross,2001
soep-core-preview,rhgen,Generated Household Data 2001,,,,h,raw-gen,2001
soep-core-preview,rjugend,Data from youth questionnaire for 16-17-year-olds 2001,,,,p,raw-org/net,2001
soep-core-preview,rkind,Data on children from household questionnaire 2001,,,,p,raw-org/net,2001
soep-core-preview,rp,Data from individual questionnaires 2001,,,,p,raw-org/net,2001
soep-core-preview,rpbrutto,Gross individual data 2001,,,,p,raw-org/gross,2001
soep-core-preview,rpequiv,Cross-national equivalent file 2001,,,,p,raw-gen,2001
soep-core-preview,rpgen,Generated individual data 2001,,,,p,raw-gen,2001
soep-core-preview,rpkal,Individual calendar 2001,,,,p,raw-gen,2001
soep-core-preview,rpluecke,Data from individual catch-up questionnaire which refers to 2001,,,,p,raw-org/net,2002
soep-core-preview,sh,Data from household questionnaires 2002,,,,h,raw-org/net,2002
soep-core-preview,shbrutto,Gross household data 2002,,,,h,raw-org/gross,2002
soep-core-preview,shgen,Generated Household Data 2002,,,,h,raw-gen,2002
soep-core-preview,sjugend,Data from youth questionnaire for 16-17-year-olds 2002,,,,p,raw-org/net,2002
soep-core-preview,skind,Data on children from household questionnaire 2002,,,,p,raw-org/net,2002
soep-core-preview,sozkalen,[deprecated] Spell data on social benefits,,,,p,raw-spell,0
soep-core-preview,sp,Data from individual questionnaires 2002,,,,p,raw-org/net,2002
soep-core-preview,spbrutto,Gross individual data 2002,,,,p,raw-org/gross,2002
soep-core-preview,spequiv,Cross-national equivalent file 2002,,,,p,raw-gen,2002
soep-core-preview,spgen,Generated individual data 2002,,,,p,raw-gen,2002
soep-core-preview,spkal,Individual calendar 2002,,,,p,raw-gen,2002
soep-core-preview,spluecke,Data from individual catch-up questionnaire which refers to 2002,,,,p,raw-org/net,2003
soep-core-preview,th,Data from household questionnaires 2003,,,,h,raw-org/net,2003
soep-core-preview,thbrutto,Gross household data 2003,,,,h,raw-org/gross,2003
soep-core-preview,thgen,Generated Household Data 2003,,,,h,raw-gen,2003
soep-core-preview,timepref,Experiment on time preferences,,,,p,tl-gen,0
soep-core-preview,tjugend,Data from youth questionnaire for 16-17-year-olds 2003,,,,p,raw-org/net,2003
soep-core-preview,tkind,Data on children from household questionnaire 2003,,,,p,raw-org/net,2003
soep-core-preview,tp,Data from individual questionnaires 2003,,,,p,raw-org/net,2003
soep-core-preview,tpbrutto,Gross individual data 2003,,,,p,raw-org/gross,2003
soep-core-preview,tpequiv,Cross-national equivalent file 2003,,,,p,raw-gen,2003
soep-core-preview,tpgen,Generated individual data 2003,,,,p,raw-gen,2003
soep-core-preview,tpkal,Individual calendar 2003,,,,p,raw-gen,2003
soep-core-preview,tpluecke,Data from individual catch-up questionnaire which refers to 2003,,,,p,raw-org/net,2004
soep-core-preview,trust,Experiment on trust,,,,p,tl-gen,0
soep-core-preview,uh,Data from household questionnaires 2004,,,,h,raw-org/net,2004
soep-core-preview,uhbrutto,Gross household data 2004,,,,h,raw-org/gross,2004
soep-core-preview,uhgen,Generated Household Data 2004,,,,h,raw-gen,2004
soep-core-preview,ujugend,Data from youth questionnaire for 16-17-year-olds 2004,,,,p,raw-org/net,2004
soep-core-preview,ukind,Data on children from household questionnaire 2004,,,,p,raw-org/net,2004
soep-core-preview,up,Data from individual questionnaires 2004,,,,p,raw-org/net,2004
soep-core-preview,upbrutto,Gross individual data 2004,,,,p,raw-org/gross,2004
soep-core-preview,upequiv,Cross-national equivalent file 2004,,,,p,raw-gen,2004
soep-core-preview,upgen,Generated individual data 2004,,,,p,raw-gen,2004
soep-core-preview,upkal,Individual calendar 2004,,,,p,raw-gen,2004
soep-core-preview,upluecke,Data from individual catch-up questionnaire which refers to 2004,,,,p,raw-org/net,2005
soep-core-preview,vh,Data from household questionnaires 2005,,,,h,raw-org/net,2005
soep-core-preview,vhbrutto,Gross household data 2005,,,,h,raw-org/gross,2005
soep-core-preview,vhgen,Generated Household Data 2005,,,,h,raw-gen,2005
soep-core-preview,vjugend,Data from youth questionnaire for 16-17-year-olds 2005,,,,p,raw-org/net,2005
soep-core-preview,vkind,Data on children from household questionnaire 2005,,,,p,raw-org/net,2005
soep-core-preview,vp,Data from individual questionnaires 2005,,,,p,raw-org/net,2005
soep-core-preview,vpbrutto,Gross individual data 2005,,,,p,raw-org/gross,2005
soep-core-preview,vpequiv,Cross-national equivalent file 2005,,,,p,raw-gen,2005
soep-core-preview,vpgen,Generated individual data 2005,,,,p,raw-gen,2005
soep-core-preview,vpkal,Individual calendar 2005,,,,p,raw-gen,2005
soep-core-preview,vpl,Questionnaire: the deceased person,,,,p,tl-org/net,0
soep-core-preview,vpluecke,Data from individual catch-up questionnaire which refers to 2005,,,,p,raw-org/net,2006
soep-core-preview,wh,Data from household questionnaires 2006,,,,h,raw-org/net,2006
soep-core-preview,whbrutto,Gross household data 2006,,,,h,raw-org/gross,2006
soep-core-preview,whgen,Generated Household Data 2006,,,,h,raw-gen,2006
soep-core-preview,wjugend,Data from youth questionnaire for 16-17-year-olds 2006,,,,p,raw-org/net,2006
soep-core-preview,wkind,Data on children from household questionnaire 2006,,,,p,raw-org/net,2006
soep-core-preview,wp,Data from individual questionnaires 2006,,,,p,raw-org/net,2006
soep-core-preview,wpbrutto,Gross individual data 2006,,,,p,raw-org/gross,2006
soep-core-preview,wpequiv,Cross-national equivalent file 2006,,,,p,raw-gen,2006
soep-core-preview,wpgen,Generated individual data 2006,,,,p,raw-gen,2006
soep-core-preview,wpkal,Individual calendar 2006,,,,p,raw-gen,2006
soep-core-preview,wpluecke,Data from individual catch-up questionnaire which refers to 2006,,,,p,raw-org/net,2007
soep-core-preview,xh,Data from household questionnaires 2007,,,,h,raw-org/net,2007
soep-core-preview,xhbrutto,Gross household data 2007,,,,h,raw-org/gross,2007
soep-core-preview,xhgen,Generated Household Data 2007,,,,h,raw-gen,2007
soep-core-preview,xjugend,Data from youth questionnaire for 16-17-year-olds 2007,,,,p,raw-org/net,2007
soep-core-preview,xkind,Data on children from household questionnaire 2007,,,,p,raw-org/net,2007
soep-core-preview,xp,Data from individual questionnaires 2007,,,,p,raw-org/net,2007
soep-core-preview,xpbrutto,Gross individual data 2007,,,,p,raw-org/gross,2007
soep-core-preview,xpequiv,Cross-national equivalent file 2007,,,,p,raw-gen,2007
soep-core-preview,xpgen,Generated individual data 2007,,,,p,raw-gen,2007
soep-core-preview,xpkal,Individual calendar 2007,,,,p,raw-gen,2007
soep-core-preview,xpluecke,Data from individual catch-up questionnaire which refers to 2007,,,,p,raw-org/net,2008
soep-core-preview,yh,Data from household questionnaires 2008,,,,h,raw-org/net,2008
soep-core-preview,yhbrutto,Gross household data 2008,,,,h,raw-org/gross,2008
soep-core-preview,yhgen,Generated Household Data 2008,,,,h,raw-gen,2008
soep-core-preview,yjugend,Data from youth questionnaire for 16-17-year-olds 2008,,,,p,raw-org/net,2008
soep-core-preview,ykind,Data on children from household questionnaire 2008,,,,p,raw-org/net,2008
soep-core-preview,yp,Data from individual questionnaires 2008,,,,p,raw-org/net,2008
soep-core-preview,ypbrutto,Gross individual data 2008,,,,p,raw-org/gross,2008
soep-core-preview,ypequiv,Cross-national equivalent file 2008,,,,p,raw-gen,2008
soep-core-preview,ypgen,Generated individual data 2008,,,,p,raw-gen,2008
soep-core-preview,ypkal,Individual calendar 2008,,,,p,raw-gen,2008
soep-core-preview,ypluecke,Data from individual catch-up questionnaire which refers to 2008,,,,p,raw-org/net,2009
soep-core-preview,zh,Data from household questionnaires 2009,,,,h,raw-org/net,2009
soep-core-preview,zhbrutto,Gross household data 2009,,,,h,raw-org/gross,2009
soep-core-preview,zhgen,Generated Household Data 2009,,,,h,raw-gen,2009
soep-core-preview,zjugend,Data from youth questionnaire for 16-17-year-olds 2009,,,,p,raw-org/net,2009
soep-core-preview,zkind,Data on children from household questionnaire 2009,,,,p,raw-org/net,2009
soep-core-preview,zp,Data from individual questionnaires 2009,,,,p,raw-org/net,2009
soep-core-preview,zpbrutto,Gross individual data 2009,,,,p,raw-org/gross,2009
soep-core-preview,zpequiv,Cross-national equivalent file 2009,,,,p,raw-gen,2009
soep-core-preview,zpgen,Generated individual data 2009,,,,p,raw-gen,2009
soep-core-preview,zpkal,Individual calendar 2009,,,,p,raw-gen,2009
soep-core-preview,zpluecke,Data from individual catch-up questionnaire which refers to 2009,,,,p,raw-org/net,2010
soep-core-preview,zvp,Data from deceased individual questionnaire 2009,,,,p,raw-org/net,2009
